{
  "split": "stratified_seed49",
  "seed": 49,
  "time_ordered": false,
  "W": 10,
  "S": 2,
  "feature_ablation": "full",
  "feature_ablation_cfg": {},
  "model": "xgboost",
  "model_cfg": {
    "enabled": true,
    "n_estimators": 500,
    "max_depth": 6,
    "learning_rate": 0.05,
    "subsample": 0.8,
    "colsample_bytree": 0.8,
    "reg_lambda": 1.0,
    "reg_alpha": 0.0,
    "tree_method": "hist",
    "n_jobs": -1,
    "binary": {
      "network": {
        "enabled": true,
        "n_estimators": 285,
        "max_depth": 3,
        "learning_rate": 0.016226929042936017,
        "subsample": 0.5463251393881791,
        "colsample_bytree": 0.5879256570266113,
        "reg_lambda": 8.078127478619248,
        "reg_alpha": 0.03094953933066216,
        "tree_method": "hist",
        "n_jobs": -1,
        "min_child_weight": 5.35729146533417,
        "gamma": 0.3377870309328389
      },
      "radio": {
        "enabled": true,
        "n_estimators": 581,
        "max_depth": 6,
        "learning_rate": 0.1334394139948452,
        "subsample": 0.7115105236078452,
        "colsample_bytree": 0.5452299255176954,
        "reg_lambda": 0.03806746693079379,
        "reg_alpha": 0.00011392124577269375,
        "tree_method": "hist",
        "n_jobs": -1,
        "min_child_weight": 10.095218025476308,
        "gamma": 1.2436089818645595
      }
    },
    "multiclass": {
      "network": {
        "enabled": true,
        "n_estimators": 369,
        "max_depth": 3,
        "learning_rate": 0.012834469956884816,
        "subsample": 0.8067196880805734,
        "colsample_bytree": 0.5498469776403225,
        "reg_lambda": 7.59877851217052,
        "reg_alpha": 0.0009860258635706002,
        "tree_method": "hist",
        "n_jobs": -1,
        "min_child_weight": 10.981200346806395,
        "gamma": 4.34292056183453
      },
      "radio": {
        "enabled": true,
        "n_estimators": 298,
        "max_depth": 8,
        "learning_rate": 0.011249932365366836,
        "subsample": 0.9329439035447046,
        "colsample_bytree": 0.5613656223652813,
        "reg_lambda": 0.0015286798442481738,
        "reg_alpha": 0.002313315224881482,
        "tree_method": "hist",
        "n_jobs": -1,
        "min_child_weight": 1.0623952610834169,
        "gamma": 0.9870313673924085
      }
    }
  },
  "model_cfg_resolved": {
    "binary": {
      "network": {
        "enabled": true,
        "n_estimators": 285,
        "max_depth": 3,
        "learning_rate": 0.016226929042936017,
        "subsample": 0.5463251393881791,
        "colsample_bytree": 0.5879256570266113,
        "reg_lambda": 8.078127478619248,
        "reg_alpha": 0.03094953933066216,
        "tree_method": "hist",
        "n_jobs": -1,
        "min_child_weight": 5.35729146533417,
        "gamma": 0.3377870309328389
      },
      "radio": {
        "enabled": true,
        "n_estimators": 581,
        "max_depth": 6,
        "learning_rate": 0.1334394139948452,
        "subsample": 0.7115105236078452,
        "colsample_bytree": 0.5452299255176954,
        "reg_lambda": 0.03806746693079379,
        "reg_alpha": 0.00011392124577269375,
        "tree_method": "hist",
        "n_jobs": -1,
        "min_child_weight": 10.095218025476308,
        "gamma": 1.2436089818645595
      }
    },
    "multiclass": {
      "network": {
        "enabled": true,
        "n_estimators": 369,
        "max_depth": 3,
        "learning_rate": 0.012834469956884816,
        "subsample": 0.8067196880805734,
        "colsample_bytree": 0.5498469776403225,
        "reg_lambda": 7.59877851217052,
        "reg_alpha": 0.0009860258635706002,
        "tree_method": "hist",
        "n_jobs": -1,
        "min_child_weight": 10.981200346806395,
        "gamma": 4.34292056183453
      },
      "radio": {
        "enabled": true,
        "n_estimators": 298,
        "max_depth": 8,
        "learning_rate": 0.011249932365366836,
        "subsample": 0.9329439035447046,
        "colsample_bytree": 0.5613656223652813,
        "reg_lambda": 0.0015286798442481738,
        "reg_alpha": 0.002313315224881482,
        "tree_method": "hist",
        "n_jobs": -1,
        "min_child_weight": 1.0623952610834169,
        "gamma": 0.9870313673924085
      }
    }
  },
  "n_features_network": 142,
  "n_features_radio": 44,